Page Views,Session Duration,Time on Page,Previous Visits
5,11.051381236591851,3.8904600704749965,3
4,3.429315699032408,8.478174486998954,0
4,1.621052045863385,9.636169627400937,2
5,3.6292789551861424,2.071924676446509,3
5,4.235843279057931,1.9606538296835623,5
3,4.541867820189699,3.4387115477961157,2
5,1.9495580162309412,2.1192714722548773,1
4,1.6857397554121445,3.4780157014833533,5
6,0.03326803318340286,5.285519080243383,1
7,7.833741754811087,4.060115222739396,5
2,2.773784434424699,2.9736527872816234,3
5,0.6812812938933654,1.4990085570331237,0
5,7.562350901457057,9.68859191827762,0
6,7.392909562806381,4.981015475004269,2
4,13.58023186909955,5.802188906041352,3
6,6.215767159872134,10.028903177808292,2
6,18.336679603402363,2.984756677500051,0
1,0.8418659136590263,8.303624479819767,1
7,5.540223444247188,8.79349224549781,3
2,5.19529648769634,2.88998002366816,2
11,0.7877602686116874,11.69293806671197,5
4,0.3108778925904152,4.164912574168854,4
3,11.650381526779785,6.025224138779933,1
8,1.0530353932538001,3.727506649888684,2
3,6.141313177985501,5.083885619406432,2
3,0.012407084650197459,1.3362649572248342,3
5,0.06374692835561609,7.053034390259116,1
8,1.881355422317819,2.1077428505750926,2
3,0.8182412064917589,15.022219699523305,3
2,3.5120133708249206,1.5528284464131656,0
5,2.501122170816019,3.296032105806264,2
3,0.2419575224050296,2.638993031698373,2
8,0.5324616499450573,0.9660238146126964,2
10,1.4733105190261189,9.004402386978137,1
3,0.6159258699612696,1.9512684578896327,1
2,4.713860244535957,3.8695259450719544,4
5,1.6139237092345338,1.687480629380767,1
7,0.2942672727913847,7.171731070045035,2
6,1.9869398210752252,2.9924661629200124,0
6,0.2856965460413616,4.219468464008543,1
2,0.4141239741595808,3.2797725492389875,1
4,0.8217707955761175,4.612913657593009,1
9,5.888235000079522,8.652438902021206,0
7,7.755342687286447,3.300934783726686,1
11,5.250546842673495,5.2768128128400615,2
8,1.2197446716971667,3.0619349856020834,0
3,0.9542029865321497,1.4256441294342004,1
2,2.38989963442255,4.237897870312852,2
3,3.838818315655759,1.593548073244933,2
4,15.049713300643354,2.8738706829314733,1
5,0.4232073450418146,0.7278104461411538,4
5,0.1516449233206013,3.970197239543308,2
4,3.5560016694394703,3.1545499870878797,4
3,5.3554084587506505,3.8340733205967767,1
8,5.619210148332473,3.9109380779702003,2
2,3.403933092165628,4.879187493991548,4
1,9.238372528003193,5.415281971069926,2
4,2.146207592864058,14.338516307865081,5
5,7.353770371452756,9.840270639683602,2
4,10.308497468065537,5.3168998790137945,1
3,5.6350410547428265,2.769737314803667,1
4,1.1121415028208963,2.8142589453247195,1
8,0.6552728058899355,0.3706030514512945,2
2,2.3830162947800466,1.586549520701836,1
2,1.810000328651607,3.079790781764523,2
2,6.305266175252669,4.219020147523022,4
7,0.31618711905488023,18.23996375799351,2
6,0.8941673264414414,4.770245175706212,5
7,4.18054846103158,5.464398172543695,3
6,0.29941673537983965,1.3806984867931573,4
7,1.1603617541895956,2.25388062686357,1
6,1.4689316184688965,3.096119050330377,1
4,2.923299626646029,0.9899936276823877,2
2,0.5163984409013744,4.6816217034678,1
3,5.911319979457081,1.962131629101919,3
4,1.7801348783852746,1.2233165297261226,2
7,7.4675288829847695,6.3634723300972365,0
4,1.8926018888608174,3.1033895265566587,0
3,0.9649174657281343,4.377897111227182,0
2,0.4588550970831323,1.24304707030713,2
6,0.011256375411137238,5.9003340308448555,2
3,2.2788706382199604,5.027113599371577,1
5,0.34003255795587695,3.7149166398184286,3
9,1.4913982201312304,5.792328941717439,1
6,2.6694705082287595,2.2606589736464393,2
6,0.9675904098674976,2.6504010685917785,1
9,0.5779313974360883,2.5728844533515853,2
4,4.471255226016584,0.7919360899622273,2
9,8.80059288553245,2.997510010313455,1
2,0.3175499658303944,3.4937756517619354,2
10,0.5073525135162468,2.134253607453947,0
6,9.657576918783363,3.1070076519935896,3
9,0.11554965545343936,3.276242705373073,1
4,11.400416877338902,5.5535489926849735,3
1,0.013965906627127354,5.755733747613868,4
6,6.206541319901083,9.081799797021272,1
8,1.1015838796582622,2.2705261958393845,5
6,8.370491992142888,7.478524876377625,0
2,1.143540954398527,6.619431041505792,3
3,3.186606655219403,1.1218573860138978,3
5,0.25025103445563046,6.971477091571966,2
3,0.8325212864557237,1.1263977197236308,1
3,4.457407393190684,3.7901010927703633,0
5,2.2566912899066884,7.826826066796699,5
6,7.891978664572248,0.42439394244855017,0
5,1.679792406433677,5.162229294657114,0
3,6.116335587742476,1.2486325879613145,1
5,1.7878187921382305,9.227409198604727,2
3,11.625378244874224,6.4730439477062225,1
3,9.64423172393417,0.9140210593945091,5
6,1.1975696904893145,2.3981329274077803,1
5,6.512662490682253,8.233772652219175,2
6,5.643963817427391,4.468721981755516,3
2,0.7097519011818283,5.685964728757378,1
4,2.936816329533221,2.644228965632059,1
7,0.22637721148788698,6.688997323275894,1
6,5.436695792351719,10.679449414627271,2
5,0.5754647995443896,1.4213801693060428,1
4,0.2203412992879926,2.5218802882446263,2
3,1.5335725490526284,4.474073839817083,2
3,2.5805971421105482,3.058990147789545,4
7,5.7913470027108005,4.3985189793959245,1
7,10.977091268977032,5.067110645459287,3
6,1.7367380342262182,3.0721968139467215,3
6,0.18705290029379895,2.179539054299033,3
7,4.1482887603234415,3.7848632761647525,3
8,2.498422852206063,1.0710391996741937,0
6,1.78203123907626,1.9879835143919349,0
3,1.1100139392391175,2.725889501821931,2
7,2.0938673371432466,3.551557937110545,2
5,1.2405505295635961,8.767249214248691,0
5,4.244228025902186,0.6689786983316508,1
7,2.3550881247292024,3.6438179525181646,0
4,6.28300224093805,5.672679926459652,1
9,2.352788346448182,2.9341606232289847,1
4,0.8164594712035298,2.252288264698725,0
5,5.713277467576045,3.2758003650227674,1
2,2.4440402679092195,2.296890371421974,2
6,0.6951948633680447,1.4920045781034217,5
3,2.930573926598889,1.8151687334964832,0
6,1.3281776894388035,1.8443252983349194,0
2,5.58150820981024,14.264802931707855,3
3,1.8115637850745654,4.103969067239065,6
5,3.8887178019998303,3.141011092559457,2
3,0.30123901650657187,1.5561284920660086,1
4,1.5126641709219673,9.791441185977845,1
5,12.266537687935152,5.452240456492651,1
6,4.957980378612432,5.9369222268790125,2
3,0.5228487487656157,8.897551137734014,2
3,0.9762101765975317,2.3102080586045988,1
4,1.2006080766715876,9.049868247078232,0
5,3.1526013866520888,4.376876322838118,2
4,4.244016809963814,7.275034714239368,5
2,4.153207760655973,3.5498083436792056,4
6,2.139278678872115,2.3535211697939276,1
6,4.995177537594125,5.883734969007183,3
8,1.7238430529144333,1.3460041066524981,2
1,0.39675856905759527,5.4195413771598435,2
6,2.4933808432706606,0.2070173819999189,3
2,9.128558726358033,0.8465403052133496,1
5,4.725017449757027,1.740479856108795,6
2,2.5932349420926633,3.0165793171954713,5
6,3.1222105088525813,6.081979543064046,2
4,8.001964200709786,1.9347063956718213,3
3,1.6776472746574818,4.80342949711786,2
5,1.2076816166111808,3.1162333816392547,0
6,11.348458299276192,7.008283027454058,0
3,5.973042440378119,1.5864544419609712,1
4,1.1704451615846119,2.6644997979833374,3
8,1.8696356051504632,8.023780429273895,2
4,1.6088309835866306,1.436848945773108,2
10,0.48436676280251184,5.274311468214218,4
4,9.497379219239686,0.557270605809776,0
5,1.554116888462007,8.505160283446262,2
10,6.246233022988854,1.756233586722795,0
3,0.6297796990361515,1.9099358261669357,7
4,2.3813619684406815,1.0462371417866865,1
7,0.0727593867895229,5.003371014447885,1
5,4.334574492637506,3.831937970323239,4
10,2.609036660175747,1.5235067144705878,3
4,2.94720813850993,3.3429796629206106,2
2,0.15931917713242652,13.33602859214232,1
3,0.7111126201871178,6.910315317448445,1
5,0.23171526523331742,7.983271935667626,2
8,1.022887032626958,1.864586258447049,1
4,2.9620635504001505,1.6280821415885804,3
3,2.5054181160681397,0.6631754076734568,2
8,2.841408456324744,4.301892387599437,0
6,2.390535712457777,2.7264653522163536,2
8,0.9566052334221545,8.402272183592608,2
3,0.8411562630123677,8.00141814012807,3
3,0.4422292455054428,4.917496225172536,1
5,5.672834767733094,1.1614552158159206,5
11,2.8750855072237713,1.0738121661240059,2
7,0.6192686688140001,0.3418879631244524,1
4,0.585160563444853,1.5592342612719783,2
3,6.191545676399855,1.1604732458097509,2
8,4.072897557993839,5.168079937562848,2
8,3.2311314280910715,2.5959626888128904,1
3,1.566995235775559,2.170248239269463,1
3,0.9113350325882902,3.1206829555284994,2
6,11.654794419520117,3.519864491011351,3
2,4.787190508255374,2.0144284719955654,4
7,1.077659781000376,2.6838005349021476,1
5,5.643047000571059,5.538817410331922,1
5,4.268028043371605,6.247581499411092,2
6,1.0575389217977507,1.1413305623170695,0
1,1.6682685224988238,2.918301478090645,3
10,0.6172131666621097,9.027136635742279,4
2,0.35315111327899673,9.169156548892058,2
5,3.8486371631331178,8.427336656713786,2
4,0.933924377207235,4.560344050865341,4
5,5.145384876577549,2.7945433678232816,0
4,16.284397770817776,0.40830423071034927,2
5,0.2391426801592959,1.3888333918159894,1
6,1.9218641510242986,3.167497505343782,1
1,4.859412762982256,5.672978403241965,0
3,4.666993364299804,4.863526557780136,2
2,4.28131354626783,1.0779548449324625,4
5,1.2877135707889624,2.2856222453496513,2
4,1.8146027305974262,8.674680381854143,2
7,2.7113702547195837,2.900913518275145,0
7,10.94212830295279,4.910351437002628,3
2,1.1904703840051498,2.3952315420596384,1
6,7.6974608307628944,0.6335612354936426,3
7,0.9414905959050053,3.961049126689503,6
2,13.549957836916008,2.800176439852718,4
7,3.3283859847771593,3.0015409448462744,0
5,1.8681303472749788,3.579698961687669,1
7,2.8510198597129595,1.499107639222952,1
6,0.9545523746875291,3.43792007386585,2
5,0.9613342979757178,1.5509354794080579,3
6,0.361607047616913,4.9339539935263135,0
5,0.3632852982230596,20.021284702121193,5
4,1.2816221392386788,1.8951288058964382,0
7,4.31725657737778,8.746138671996468,6
1,2.8092596695529695,3.169156083464636,0
8,0.3247091420924522,3.5457834476314027,2
4,5.736427276013574,2.892015115286917,4
5,2.759146973153312,1.85343980425388,3
3,9.721491939905285,2.23754830167461,1
7,3.327674414920913,10.7554423572601,3
2,0.5777516133551177,1.4982226823240417,3
5,1.9261268769137332,6.633625657224974,2
10,3.136616198688543,2.4964111243821043,3
7,0.08601551337693306,0.5176054153485553,1
7,0.045067618736137086,3.408635542222352,1
10,0.4157282893703822,13.6396207133488,2
1,0.8697113560694196,5.900910890463071,0
5,1.6839846584127491,0.2091273117236033,3
3,2.0050152778587913,5.504601130822633,1
8,0.4455961132849674,2.6997979575781277,4
7,3.3569799458981446,1.2032786095739563,2
3,2.7200465888968486,2.4026371306959615,4
1,1.0463928643346656,1.2661068756105869,1
5,0.04126211416090922,0.572741948016439,0
3,0.24248477330990564,1.7224247819645155,1
6,1.4912355270611635,2.050625649994679,3
3,0.5016168061932867,1.9983848921649832,2
4,1.418757736089952,2.353450729729418,3
5,2.968057252697767,1.881070384888407,2
8,2.3771622427607606,3.2803922139882706,0
7,0.7886791569892964,8.616289796604448,2
5,1.2639718021447668,0.6443024482467679,1
4,2.8559962133409793,4.357585117604365,1
6,5.916716776932096,4.323490699123865,2
8,4.197694321121431,1.2959749286438937,2
4,2.418275998979576,7.360139156641023,0
3,1.3496290383984006,0.6737269460457774,3
2,1.3626331061532173,5.528478251981256,1
3,6.346258618565298,3.5785040272022637,2
9,0.12010308947657194,1.2352518849683551,2
5,13.2642101272938,8.725271739016227,2
4,3.2752861135754707,0.627118184646287,1
7,3.4289877837683878,7.593991677779683,2
8,0.11621574058496681,1.9020361462143698,4
4,2.7906310470964977,2.7076557572958673,2
4,1.9894725596116458,1.1740126599679372,5
8,0.33540667997814017,2.0421306198909805,3
5,0.9768663827936477,6.108036618171878,2
5,6.630413099722312,4.202479922222964,2
6,2.395445862087,10.212445965826412,2
7,1.6003211375588928,1.372679456414687,5
2,0.22637669467797544,2.4132965049727115,2
1,3.756565438361616,4.4364315220947885,0
7,3.640562964453111,4.452984315118637,7
5,2.8560926619917124,2.5830044179238016,4
4,2.141658132836479,1.0455124060644612,1
4,1.7063410754418777,7.8120386673524544,5
3,2.698825174813135,1.3753270295435924,0
8,0.7973525790276021,1.9587796024920832,3
7,8.503855265207113,2.5981605733954,0
1,2.6659867812206945,4.128671031215687,4
2,1.1183800699221211,1.2392937576940082,2
4,1.7917652424125063,2.5266281006513283,4
6,4.9148209166219035,5.837243410093609,0
4,0.5288373660127729,9.159373150232025,1
6,1.039476420159915,1.6918660958390186,1
8,3.413694104622141,0.5945064071281135,1
7,1.1371525977235957,4.346906969897895,2
5,4.7178961341020855,0.7730914996292921,4
2,0.41935035858141745,3.9401862255976305,4
1,4.315115515490753,2.7771651880204224,0
7,0.21239973591018885,2.617454852588546,2
4,0.03801771475406361,1.3062444718778896,3
1,6.854928694028068,10.415478713359363,1
6,2.612082821709275,2.29736273327666,0
5,1.3007924525356167,5.4183352986655855,0
8,0.7942203378416719,3.4732597505860707,0
5,2.878266354689556,4.891406795724057,2
4,2.133946794957514,8.436773910455928,1
10,14.337776370996067,1.3123699314888437,1
7,12.261985296453915,1.6131046554456905,1
4,3.0237756964867666,2.0966722416344936,1
8,1.7548727445768897,8.334458771398063,4
5,2.0267527617104864,5.725969782734843,1
5,3.441634589131911,2.8547589558852726,1
5,0.32133462421160086,2.5127428056579277,1
2,1.1940629853416393,2.1785131183144713,1
3,0.23476769816173135,4.313047965562814,3
4,0.2285728740136331,8.050592304664873,2
9,0.653868245692027,4.563618803865816,2
0,1.9922407672859441,3.3002278479839298,3
5,4.608204397084502,5.059560528500014,2
5,1.9936552130032772,1.8901736859749994,1
5,1.226055608682887,9.069597697291144,3
5,0.2578274501185031,9.055312571814758,0
4,2.3974938904090415,3.1454911050839227,4
9,0.9493501387524472,1.7468187728501294,3
6,2.863022978575449,1.746603374858811,3
2,11.341371390634006,2.4584198048607826,1
6,0.3540350203627704,4.064775167197726,2
6,0.7152490116647354,0.505146668064754,4
6,1.9222024071474388,2.7660649415862957,3
5,10.38416238617068,5.946264438046479,1
2,4.432727049808145,2.338076626417194,0
5,6.85509595729328,1.5660160302604174,1
3,1.218112633897147,3.832732638162167,0
3,14.499403683442331,2.8189592291775876,5
3,0.3255391592723407,5.038873368344376,2
6,0.1632827277166131,1.0692235398906547,2
6,5.8055587367515065,3.923794410259726,2
4,7.862792385881892,8.053915465849688,0
5,0.28486240948793573,4.039796443679012,1
5,0.3611768756871473,1.7155526356151485,0
7,0.10121070252238568,0.25733968054349815,2
5,0.3311445080376064,1.4280343275595828,5
3,0.7049645818617328,2.568988402461288,1
4,10.52734538374645,0.6405326106217203,1
7,3.306598143954675,3.0438957881737942,3
5,4.522716333048679,2.5308103787848135,1
7,4.49019527630489,1.1150489202186695,1
8,2.2976294629472607,4.678400742483303,1
7,4.790882888610091,5.452857023652823,2
5,2.717592328471457,9.591394006408997,3
8,1.133022086781241,2.636885612239579,2
4,2.470520143820889,0.9987828253714808,2
6,2.2875469928914836,1.1950857686085898,3
8,5.2025053608297025,7.352477027751577,2
6,12.007027844584762,3.4612228227838804,2
3,1.5882040956302657,2.8200985438957913,4
8,4.324034790745252,6.479232666397556,1
4,0.31529166442879,1.8193720529076578,3
7,4.4994828074261655,8.413692091491745,4
2,1.3928611776043625,2.046124359713936,2
10,0.1205608476429188,6.033490865264901,3
6,1.3541164910032564,3.343995627802558,2
4,2.8297739361641376,3.644371364626043,2
5,0.38094495643700826,2.6177997484952615,3
6,7.73242766844715,8.339263499883572,3
4,0.2425644551753139,1.5861142681922045,4
5,7.978068117472511,6.762421623744959,2
6,3.684156373896203,1.3203828104529791,1
3,1.2001442097300272,0.4874033291173127,3
7,1.486581471580776,4.575833141950898,1
7,4.0505743335805615,2.9867511607935557,1
8,2.7599257909058035,3.2248411019415153,1
4,3.3409608259540913,0.823106748207624,3
7,1.4787833327200446,2.988936200368541,2
3,2.007199280810417,1.905431033921105,1
4,13.77601687237683,11.029585909501048,0
4,0.7221010866961798,5.069309677208232,0
0,1.6231132787393037,3.401470318260149,2
1,1.0351844442060296,6.1680150503490445,1
1,4.345933169893995,2.4527599664186748,2
7,4.331930921913569,3.526393150122966,2
5,1.0378216965189397,2.386727731353479,1
5,0.2546818971172525,1.9803684206045546,5
8,0.03449559641236254,4.024737292298453,0
3,1.672968427409413,6.141878722408714,4
5,1.5846152989114612,3.1345557494421143,3
3,13.367634090772366,1.5418555977769666,3
5,1.9035147002047745,2.687957087001047,0
1,0.8888301810330599,1.9343962563521704,5
7,6.655543736682467,2.4096010364359475,2
2,2.026322303146503,2.04641388300386,0
4,2.7426958219991193,5.136301194274476,1
6,0.30167854487615614,12.801470146617767,4
7,1.4482523454179257,2.3323910421737364,2
9,8.659217320044633,3.384335095103189,5
4,2.6711773989466887,2.0624809639884996,5
1,1.2670794177016775,1.7507786605860713,2
4,2.9478299577803915,2.067491131756213,2
6,7.237571202821995,0.31403874102791624,2
3,0.960576951701103,5.072772622334661,3
4,2.110300017323052,0.934272680448544,2
2,9.559999521241155,4.440053675378256,0
6,0.5676620190547181,3.207502056292999,1
8,3.8152983894896986,2.916137219951269,2
7,2.8594944654910126,5.223592210881916,2
2,3.4152587489558077,4.223186086705083,1
6,1.2979831005737377,4.998269233910891,5
9,1.1301054789350649,4.90940758478211,0
3,3.4580304004156903,4.8804861147238165,2
8,0.7282916512062156,3.7001101750517438,1
7,1.6323962551758262,8.95568160786013,2
6,0.625410129899181,3.632154921831996,1
10,0.025018555328767577,11.82438277958215,3
5,10.52541518639,1.8003871401615588,3
5,1.6953332161136847,1.196587250958805,0
5,10.455330109726395,5.251469915797005,1
5,0.45359743886023574,0.32719856065256175,1
4,2.655588499369366,5.60620716037553,2
10,0.6730855023254076,0.7367129683311955,7
3,4.683002388354396,2.961305553152313,2
2,4.593308291351262,5.585758823056167,3
6,0.35840248869923486,0.8281453158659307,3
4,7.293453455711033,2.7146234650991357,1
4,0.649359125325723,5.925250856293372,0
8,2.8478161164047133,0.3658106051060644,1
5,12.728593591322163,3.745821534697466,1
4,6.4213103330379475,2.062483745738223,1
7,9.409395131811246,7.440879057941127,1
4,1.2583822457991076,2.353237919526555,5
2,0.3347248298930563,12.964316428643093,5
2,0.6260466418304328,3.3773215048570235,2
3,2.0824123826367424,3.0698374492267906,3
3,4.728439975819984,1.9256246943869586,3
8,0.4880991110994871,2.431642732944541,2
6,3.234061085858742,5.340246996221739,0
0,1.1728126559364473,2.599769343630445,2
8,1.2520152791735377,1.8560676820190956,2
5,3.253398033650785,0.9147318783517078,2
4,1.8876982972830405,2.2264690835975665,2
5,5.014471267195112,5.131792938932833,3
7,0.5085187095446406,1.8291285780657052,2
6,4.681204332472024,16.322901464160363,3
3,0.19917350246626853,8.343286106908232,1
4,0.6472151629498659,0.3588379722667402,2
2,3.2026467987657923,2.5322685910992777,5
4,5.791526862712742,2.1439441681544826,0
1,0.8737839217893425,0.5560331412113799,1
9,1.188884081784453,2.21091853938258,3
3,2.3108671630340094,2.199760346490067,1
1,0.7131456368271204,5.51753641184037,2
5,5.000506160341764,6.461177333457652,3
4,4.456841415959591,5.62657812632633,1
6,0.47098515554234377,8.16684513504776,2
5,1.8699105115044528,3.335884108685412,5
8,4.472669064222788,3.3284517195041614,3
5,1.2344323280360445,5.268935816217636,1
7,3.0080536301167387,2.229985485336499,3
4,0.15455297379468166,3.861278059771098,4
1,2.8147560803021627,3.7211340815832523,3
5,0.49693489018888876,4.296920724399222,2
4,5.326182199886885,6.733017066511657,4
3,1.3176061435636948,1.634691010695549,3
2,0.9919936253880048,1.6818047848273365,0
12,5.514459182266725,12.083495274612062,2
5,0.15433472734190026,1.635528334922188,1
10,1.5155686058525966,2.32471347104781,3
6,1.3861232387181541,4.610230193561064,1
1,1.0055807352076287,0.4319418185812458,1
6,7.282892016627036,2.0630631872177685,1
2,4.17004454286446,1.1641718333373097,0
4,0.19817314900553953,0.8875926436248268,0
5,3.762510092897937,6.638986577006305,2
8,2.2478775219384444,5.649883601892057,3
4,6.933905755151785,1.4062526233431154,1
2,1.1260254908501037,6.854873677809125,3
1,2.561088857434516,7.175534730789437,3
8,2.083976616215979,8.168886875883022,1
8,2.0174518665093197,7.289645091970599,3
4,1.826999400031505,3.9317844808561193,1
1,0.6906158132517364,2.280971104282326,2
9,4.228196752674004,5.614024144372839,3
4,1.8008073190898544,2.4415588985258982,1
2,9.547362292203726,4.0702587096428315,6
4,0.9065944774283283,2.1991246766445967,5
3,3.4441372636106884,3.0667325165421184,2
8,8.476302106080093,1.1218538335607893,1
9,3.267099849693404,5.358929093955682,1
4,6.150182035531229,4.25595591167178,1
4,5.2717430111450865,0.7922270466769912,0
5,1.3394131499918038,2.456323634864829,2
11,2.749801889208837,6.102849997976066,1
8,0.5097374299864006,1.4107174620861813,1
6,2.300548331722337,1.4511579982676948,3
2,0.7857387890789805,2.682372421623136,1
8,4.084650888027324,1.8410871334746481,4
7,2.2527002287576274,9.13028532789846,2
6,1.589145553524472,1.8342585872680122,1
5,0.9391928625744989,2.0654248898696914,0
3,19.932671644454164,0.1883091063595018,2
5,0.22323496841134993,2.605130186347594,0
3,0.13361379700897802,5.557134103755436,2
3,0.7348541198995853,5.21866899447552,1
7,10.62888344703717,5.404504098887586,0
4,11.623916980085916,4.93517043826098,1
4,3.192004258370389,10.283723826334377,1
6,6.363458474660382,3.99512568618681,2
6,0.7222493977213835,2.0268071681018918,2
3,10.731165790327413,2.152462892897565,0
4,0.46219902563988524,2.5192943555469047,1
6,0.3198345207357684,1.6784727296903073,4
6,0.3570653527256491,4.289220611787676,1
6,2.5538126902704508,5.799863509264837,0
6,4.555699992895642,2.2618347867320323,2
3,1.370277628999542,7.0394984177555875,3
5,11.435988416391684,1.0911494516953455,5
2,1.7097113097313885,0.42827264923921804,3
5,0.4891403267280808,2.1942525874331005,2
3,1.881891517938734,0.4945827690986952,4
3,3.409289828062108,1.5270545250011271,0
5,5.355408405115589,3.645431127751162,0
11,1.8417233769120311,0.708657769341896,0
7,2.7013025377192537,3.41478212590535,1
7,0.9332398905190635,1.8821148759917117,0
4,3.1146677775921257,4.90528805434571,4
1,12.800087853469265,0.8538104515025091,2
4,0.1508926527701776,1.8821197343453988,4
5,6.528668115167047,1.643101105474955,4
4,2.4785446805535516,3.656915549755851,0
4,0.8714526225525071,2.046011281918421,1
7,9.29593469717386,4.819333440830914,1
6,1.9811938353786664,3.733268038881221,3
8,1.2090105534573599,3.096045273457712,1
4,0.6008369535657833,2.567608101336269,3
3,0.8409367304635696,9.548385899210404,2
0,5.366573796927632,3.387571946905956,2
4,2.858942023066165,4.182923860959159,1
1,7.334023096854362,4.123284818639506,0
4,0.7917734062757695,2.0634054030636304,1
3,0.387384129464579,0.4212503607009368,1
5,0.01831840660377921,9.033040065123691,1
6,2.1269885713444117,2.2998286375864265,7
6,19.14363616674827,4.029733719517904,2
4,3.561988908395875,9.397374058711495,3
4,1.1062191168129187,2.1255640789728516,4
5,6.283265557650805,2.7027075772048437,2
1,4.565961053473921,7.3298656008306775,1
9,0.046605645191490686,1.9500596128480723,0
7,5.092521045617595,1.1852224842865209,2
5,1.0722832126724082,0.6628541922626268,2
4,0.48640453186398314,15.277744182600282,2
5,0.7698328148770361,8.675913615553357,6
4,1.89660672544627,0.21892719163901936,1
1,1.6594667175130053,5.42036866017228,4
3,1.0227730551542933,9.181610397588848,2
7,0.5670175005843128,3.098959491072863,0
6,4.3093643404709505,2.375374489354171,4
10,13.848627799622406,2.5160020909499887,2
4,4.512418531781712,8.286734015263805,2
5,1.052662176823812,1.5695427843802006,3
6,0.8423535914937317,1.5979717733482457,1
6,0.7364200836963657,1.579078849879679,0
8,0.44096195493478235,0.12667862517378653,0
4,2.404406559638673,2.454699278382888,4
3,2.7896508840079277,7.5196665994758245,3
3,3.6674559313233335,4.517620226187543,1
9,3.4203038692665224,4.9731416435114655,0
7,1.037346224364969,4.086094249348685,0
2,1.202825584574425,2.7626756014118965,1
2,3.4325353265787646,2.868581360105797,0
4,1.2898004806324557,4.169699528625482,2
6,0.7171450553448443,2.168847911156906,1
9,1.4068261165411697,1.4673986877725482,3
11,0.9527095156092606,2.3481537757221056,3
4,0.27737473134932555,1.0070768249015714,0
7,5.318322744398779,1.6770291656278136,3
7,5.7542421864244755,6.638585688344944,2
3,0.744423847612055,2.718704156046168,2
7,0.2008954274899525,4.06143472853417,2
5,4.027721791665359,4.541280780616437,5
2,0.7129775323206926,3.3155983868544743,4
9,1.4998325728202804,5.935198756536383,2
6,0.19885293959798128,1.9384007272537274,5
3,0.7695953003540608,4.189476220984078,1
6,4.723693535249781,1.3150525171759306,1
3,4.894996069473592,0.2298597535260683,2
2,0.696117090420564,1.8465073703716204,2
8,1.2280301597320016,2.860158279596624,0
4,0.4324371571693925,1.3983576176714627,2
5,0.2312024625271759,9.031336936623747,1
4,14.550035255648528,2.962171481198524,2
3,3.197801830243491,5.103537225584193,0
4,2.3432905075376818,7.753619465154563,3
3,4.35087988876836,3.3552759972636825,3
11,5.499191484346722,1.9436767160311135,2
6,4.93076488589113,1.177187518886825,0
5,0.0500332592427265,0.6826619869544746,1
5,0.6203637292718378,5.447255671204466,3
5,3.191809239001061,5.882262925825138,1
3,1.4136579731701806,7.975180224437925,4
6,12.133690563589752,7.0440213198107005,1
4,3.2845014420525382,9.701280769698343,1
5,9.408357936098298,5.913383230339378,2
3,0.6748598698830647,3.785419929918918,2
7,5.984353420234602,2.255782293121435,2
3,1.1629594376820385,3.0343585567347726,3
6,13.68771408538348,3.320067856128639,3
7,0.5148167548444545,8.782333223982176,2
1,2.1791181716836228,7.198770264251627,2
6,4.722857170032801,1.6207156784526642,1
4,1.7002968848786595,4.216836408559773,1
2,1.8938094299897037,5.191202248444406,1
2,12.883321280056785,4.800778579200129,0
5,1.6617638862150348,2.4324191236281307,2
5,2.7795694695740187,3.1951035795371436,3
3,0.16825001561330505,6.408842254695235,3
5,5.539472256810594,2.5564784736151838,4
11,3.1338048877652263,1.3894619294308612,4
2,1.5526450263637124,5.118529117110144,1
6,0.048905080429239675,3.020125557458545,6
5,2.6870301588245953,6.903995902798825,3
3,0.038215863880565956,3.4126659349405104,1
4,0.003613016501951386,0.10290826917592341,2
10,2.8721082948129535,4.04441424077956,4
1,0.6285248096709966,4.3936434373139805,2
8,0.639162177010426,7.167126058193378,2
3,3.1776402477111727,1.746011433545045,1
5,0.16557799150440752,2.2360108861384695,0
4,1.128034494037654,1.7971743787890324,1
11,0.4855524069698934,6.830538606624863,1
3,2.603761751958596,1.2287548131891108,5
4,3.2520444488038933,5.24566006801082,1
3,3.831091638637286,1.6527637056315412,2
3,0.8840444011608877,3.2206126405504945,1
8,0.28045971117427426,0.7430513737262472,4
1,0.24585547169146843,4.989702829920985,2
5,1.666169817640769,2.892379177669239,1
7,8.747682185376865,5.634663642950316,1
3,0.7366622848046337,4.91024155887482,1
7,0.8901345517719352,2.3267342270143883,4
5,0.3190456845294206,1.7106093494117591,3
7,2.7909428659271134,3.431751959792821,0
5,3.417111279491066,2.0823509501097717,0
7,3.0894804646142493,10.71673502571524,0
5,5.9226563562984795,3.348669272751401,1
4,1.999082489140817,7.49937805590237,1
5,0.43319481130619264,4.096955476406814,3
11,1.0249584469917183,2.849958506212204,3
7,3.2579469120986126,1.6154572936524145,2
6,2.8489374397740956,4.35157340532421,4
3,2.2714775513521697,1.3817555645943769,1
0,3.446223802558387,3.6993651458585584,2
10,3.0432892427734766,4.443160262733929,0
5,6.3940970494064135,2.756716975366349,1
5,2.6457865951968778,5.639556969886389,1
3,4.52337118675594,2.160461191672482,2
4,0.8578792932941699,6.1964736226295205,2
2,3.4013127814409323,7.454386411923568,3
2,6.9743116935396365,4.258929191120856,2
7,1.4619734933605841,5.5605232141344505,1
3,4.530192373640143,4.846905857973225,2
1,3.8706548916256316,4.233456594303714,2
3,0.18411445447650732,4.225225030189277,2
7,2.6132947349468547,1.2281586148949573,2
5,0.41843920134201906,6.582763687438805,1
5,10.262900039309546,3.173374520837555,0
4,5.004500071786718,3.451759403480348,0
5,0.3486705861681433,3.0407844951682623,2
5,0.389478787248825,1.6757687363673446,3
3,2.7077097940022052,2.7656822614507868,2
3,1.268852573771844,7.756455818462473,2
6,0.10658888111013798,1.8286699412162475,5
6,2.340311001166423,0.22558321518145585,2
4,1.472309770221044,0.6701252718954297,2
9,0.3196720025843135,2.4587518057597175,2
6,4.857258809335712,0.5661324772113467,3
5,7.3980226544350725,1.7582114807413474,2
5,4.239072530574339,6.936113613500307,2
4,5.18504122732762,9.170584490804552,4
10,0.7319165340964041,0.7870498841479842,2
6,0.9178352963738481,2.9809798808071615,1
2,0.7015805860141602,2.6082528235609375,3
4,4.345319165932967,5.790953604914294,1
3,8.864754583822222,2.0147432917832275,2
2,3.7851999165112513,5.702744841634412,1
5,6.39768567773557,9.246031303892941,2
6,3.0541324069941216,13.689439890022056,1
5,1.471402298348164,0.4743160417645521,3
10,1.6641319916350619,3.9128954916570087,2
5,0.23492728828456905,3.5074852884322527,2
5,0.09588780046076231,6.925161643582835,2
4,3.5670122323073166,7.862577090155547,1
4,1.7310506204483256,3.3160488910152415,3
3,2.410326673368135,9.927656398409026,2
6,2.4470378470532093,2.9677705570671282,2
4,0.974597967318705,1.573682889645753,2
2,1.938175451078997,5.7359607288149475,0
9,1.9089410479486952,1.1577660659037783,2
5,1.4751639424157275,5.517503513808257,3
9,5.1556728449863805,5.696601766644912,2
5,1.7998668413195869,6.916473761490087,4
5,2.776331414998081,2.973164094884842,2
1,6.7762822969344665,6.47996611116226,2
5,6.034981364361935,0.38390755018319256,4
8,6.633361542654452,4.716308439375521,1
6,0.9441527680072368,3.82498286914969,2
2,0.1068270929303397,7.5750484491239245,1
5,0.9076432632003524,13.614655263114441,2
5,0.9801309701634568,10.782517223846042,3
4,7.202589800739837,0.8175141664774211,2
6,3.142982523875423,3.530392639181119,2
5,0.2557063687650984,2.121120392580613,2
6,0.4363906533340707,1.4284737105200571,2
5,0.5076573614552399,4.634242625725892,2
4,2.9861783501828336,1.8413144950222957,0
7,3.988767105472297,4.0399882500611835,4
5,5.8907177688681935,2.6843616543722644,0
7,8.472229726341876,4.705387302180784,2
6,0.6758295636332056,2.084484107886397,1
4,1.1122020103697632,6.742278267268566,0
8,0.8245853371753671,2.8536156870424603,1
4,1.3330617647802283,1.813395948504584,3
3,7.383515552879057,3.2482304839120326,1
5,2.5677930255808645,5.111094378605321,1
10,4.020430428351154,2.03203946294664,4
6,2.0207351307762327,3.4182350002156525,1
4,0.08784747346553129,3.0856235622004995,3
3,0.1990460306371376,1.4103474653974752,3
3,2.316071408367624,6.54020733300812,3
5,3.8059503767009946,7.754137658358261,3
2,0.7274781121339704,5.104160426784452,1
6,3.8394268343173446,8.802778389010902,1
2,4.9927242942706895,2.4861643360342534,0
5,1.592561969264463,2.6609004634403224,1
2,4.1162186957569356,5.0010455920028125,1
6,1.5526945962252972,1.8448901920669585,1
3,3.402879714250271,0.6003820536315855,4
5,4.331732913454186,7.516459463561049,0
2,14.457548518893848,1.9925820766737499,2
6,1.271177453183789,7.347503766487548,6
6,1.58819500408896,5.570132212931676,3
7,0.5431992483146756,4.969958642186269,0
6,0.6847436377853675,6.241210159947087,2
6,3.5465850397771512,2.3941152724269257,2
4,7.46839230319226,7.389675230104218,2
4,1.5056221847528868,9.96589233459603,3
7,0.5947837732001026,7.295669483422335,0
5,1.0068357178439782,1.4649215894320613,5
5,1.8211930800811333,4.260066702562681,5
8,1.0302200566326514,1.1301112282547388,0
4,0.7980712809611799,5.644779150903597,2
2,3.9952422685613374,2.7052058399975065,1
3,0.023627563562692886,0.6026939278754596,5
4,2.3245722610651938,2.478843579337014,5
6,4.736243237150505,3.6030017440555793,3
9,0.9286719465739894,1.9351141551411608,4
3,2.7736606550121214,7.460322505856357,1
5,3.3160054602662834,2.1591737924204684,0
3,3.1928473448876646,1.8686979663541379,3
2,1.7709576319449012,0.5314646571651243,4
4,1.2765962753800728,6.371559823067758,1
9,5.422277966857733,3.8902814832299866,2
4,4.261986151157326,6.933823216950603,3
5,1.162530089206963,4.048998289568758,0
8,0.3261624469157587,8.666665971547358,1
8,0.22354854397230267,5.410699553858155,1
5,0.297061892130309,4.97189432427718,1
3,2.623067471198906,3.5301546279732583,3
9,0.15913345678670665,0.44735529045696437,4
2,1.2326100021190252,2.0556788897286267,2
8,4.19752733744602,1.6998411911116889,1
7,1.0458999505010336,3.471933996736508,4
6,4.322987661505055,2.438211663521108,5
9,4.104974806476552,6.78220662618648,2
3,0.8464010105614749,6.241495327696201,1
6,3.914941533789663,2.867495380016611,2
7,4.1323206839675874,3.8903005596413287,1
7,1.5197734338576248,1.9623392288955686,1
5,0.7087641993637348,5.4425286177830925,0
5,2.2098606009074317,5.020236738721375,2
1,7.630058678992231,10.436538586707814,2
7,3.061761545153093,3.354205345907566,1
4,0.5695706198025619,8.308488578131598,2
7,3.4442609999912452,1.2811647238702892,2
5,1.6716718452262076,3.8428290364409707,4
5,2.6860015875869534,2.8121368672005618,2
3,3.973499197052692,4.080773263041028,6
5,2.1704935210731087,4.5416626770221304,2
5,5.045767352316969,0.9334650593885295,0
4,3.8420818793303884,6.793931683190681,1
3,2.864107369185383,6.787871828445139,3
3,0.4903562677937998,3.0891497960440377,0
5,5.4227357999133305,3.2172057290070986,0
10,8.242194159979352,4.53264512534869,2
2,0.44190052793945395,6.579452444801866,1
5,2.009705162405614,4.45174107361843,2
3,0.8988135575040241,6.165049455282938,3
4,4.2136598245545605,1.7572648402180746,2
6,3.8364084220635224,8.52490247914414,0
3,0.4555578891012772,2.425418991624066,2
4,6.287377997300942,5.055026319690452,2
4,0.5989149202624441,3.55012092551908,1
5,4.787478309363153,3.9202978318691906,0
8,1.831829368764459,3.6713766557624856,1
5,1.1937066579642945,2.999590100516251,1
6,0.5167783951995581,8.96751564251807,0
3,0.5503779335010562,1.5616781699792803,1
4,3.2531568997554823,2.767099500150896,4
5,2.3983937146117262,6.9127811904364656,4
6,0.39061794376391523,6.874374409548042,2
7,0.3587091714799161,4.210922155904473,5
5,0.225174819906523,1.7966331454722173,1
2,4.085008343665675,4.2020284170647475,3
6,3.7331563690532183,1.8416683949355281,3
4,0.1806229096495874,1.377693793946853,3
2,2.4647836461063846,3.8361963606672167,1
4,0.2654320428842659,0.7963578591420201,0
2,7.022287095163114,8.220105932197546,3
3,7.129257466120782,2.148944178222466,2
4,3.5943001464175586,3.006871820162799,2
7,7.818739327936128,2.0739559073798235,2
5,5.005224382826845,1.262660354952216,3
5,5.290190910589482,0.19079847262496977,0
7,2.5298726511442062,1.5538368210163236,2
9,1.096105866410684,8.503792481266933,2
7,0.7369310561580409,7.591828471377594,3
6,1.188921609241285,0.698398835721724,2
6,2.970582340977704,8.21353097158274,3
9,0.5686060703830407,4.082688253233807,0
2,0.8978077826918711,1.2039545093764445,2
3,1.893678599807922,5.414502455296905,3
9,0.7960013917527602,3.1816363043637943,3
3,2.664886369319799,2.3093006497555195,1
8,7.698715674167728,2.4628102202970035,2
5,4.136042640514116,5.270788630283388,1
4,3.2936771709116073,5.743321678195503,2
9,2.6220040705336114,1.787608822557557,2
2,2.007986758156409,4.642438917058444,1
5,0.6194635657876107,4.319798430545173,0
10,6.753123469725169,0.068515467921686,1
5,0.8571959334201609,5.988554333592261,3
4,0.28725012559630697,1.8237285782461965,2
7,4.159065239634054,3.1870033168628065,3
3,0.5793548200195023,4.193062059635061,0
6,1.3951485611967498,5.889094002599701,3
3,0.08607796078894257,7.708172149576284,2
3,0.44225795795483935,5.615400561292272,2
4,0.5705905275724977,4.813500623642166,0
1,0.1678390283500928,3.8699943685683555,0
2,3.207075615436353,2.5462463122409362,1
4,5.442158718996336,7.394133180678457,2
5,1.4019357161176806,1.7507776663082302,3
8,6.2281772471883174,5.663944993041147,2
7,0.7199025055206278,5.2919849201971365,0
7,1.1808634821791386,3.7463551112805993,2
2,0.49015906868546866,7.447491568124556,1
6,2.9071700309153115,4.145950496388889,3
8,1.6335070721642622,3.9111686120139533,1
6,2.8501890494888977,4.690626846115313,4
4,4.3023587809236385,6.402000013221265,3
4,2.367012435288859,0.32857069097676816,2
4,2.963604745358991,11.075412243454586,1
1,8.211679301775632,5.907398497331482,0
6,1.0660174079064038,4.238077834108798,6
8,1.3349448278141196,0.4834647973028944,5
7,3.7943905562409093,8.432423239646345,1
7,2.8348849044977382,2.579835079759805,2
6,0.5899901895736586,1.2739836636034825,3
6,1.4155230366517793,5.844368735145613,3
4,1.8924220481383602,2.026631354505815,8
3,1.6310271747203935,7.055173055976084,2
6,0.5890477695471648,0.8208364977829452,3
3,7.748091343529273,3.3698117943719685,2
10,4.310474513609595,4.242693298776829,1
5,1.9696117258582173,3.6815971526726505,2
6,3.41887504450606,1.9176997965098224,1
6,6.827323359477726,3.641566684228662,0
4,0.43915225245592754,0.5460028935502858,2
6,0.8645387914179069,4.215996772201529,4
5,2.3472551272746056,2.6091435531520184,1
3,4.813505913066831,5.142598675971212,1
2,0.11078530108098658,4.3300101783360425,1
3,12.408904763757402,0.9295370383820012,6
2,1.8203943844296426,2.8937965599289104,1
8,1.3352594426540458,1.286938453871138,1
7,1.0390047792612234,3.702190413266707,1
4,0.5747773445737528,2.624259968365272,3
3,4.704512339599866,5.568310756341026,3
3,9.331017196812343,3.8592890933996626,5
6,1.6014883580464143,2.630837546260146,2
5,9.13607212802996,3.754019898292886,1
1,5.208366096857362,2.187169434854358,2
8,1.9678497365516716,4.589174900499032,5
9,3.3628146147235967,3.864829790516202,5
4,1.7127046402785684,0.3328268466643971,3
7,2.4542502236291126,13.882652785724172,2
3,0.17939758696955482,3.3106595865766284,6
7,3.574783945322336,2.3827832972938765,3
5,0.1628131003154605,3.1854068834167877,1
6,5.096200274185147,5.185204653326355,3
8,5.227998272421974,2.964311074046832,1
2,0.8117956414057806,2.782074585778001,3
4,1.1731904480975728,1.254665873947257,1
9,1.9693488198386384,2.158186436420641,4
4,2.723947822343705,3.9813816412456036,1
4,1.0163100026987495,3.5889643313716824,0
3,2.693042951973918,2.1891024313266043,3
4,1.0605558193760627,4.280078156618685,1
4,0.1712693037553,2.1696693972274237,0
6,0.007592248435900529,4.284501676667955,3
7,0.3199208623776897,1.1106843468874636,1
3,4.714269646428519,2.900586015501222,1
6,9.765943600062919,2.365593357711338,2
8,1.670431724907512,7.623073995044382,2
7,2.1565272004955434,2.3772603856058354,3
3,0.47645325279904716,6.496031161313735,1
4,2.40240666442022,4.019969352381564,1
6,0.4687508042871907,1.4265780810251287,3
8,2.8341812014634935,6.500456485758032,3
3,8.12079252459528,5.821393442028387,1
4,0.6533433868924545,4.6242608665164315,2
3,4.338944901399862,4.575273263535674,2
8,0.07134902937971169,3.690304511058263,0
1,1.4123985960207586,4.995924667972411,1
3,0.3521255704379824,6.308064532299187,2
7,1.3037956742704928,1.0262820580469716,2
5,0.5718000977348827,7.040877469383021,1
9,1.4018858529651708,7.807379812038426,3
5,1.6213957392740324,1.317407544305408,4
4,1.072559285437433,2.43255524746992,0
5,3.206769751963769,4.338799246849549,3
7,7.534443788145399,6.033240573053863,2
3,1.5354552197617983,3.515315028897097,2
6,0.6408540278362123,4.612204539735098,4
7,0.9471039450387103,1.8287065052542404,0
4,5.772462893027389,4.117416665737779,3
4,2.5433720082839377,8.363161393147124,1
4,1.820969181866519,3.8662332192289637,1
3,0.4862749030238044,5.506662868326882,2
4,1.7920239617330136,2.018504084547383,2
2,0.9792354524156581,1.7305087482030024,1
7,8.602710019065508,10.564377261436347,0
6,6.464308986326625,4.372778695019833,3
7,0.26289757375059275,5.856295955051403,5
5,2.1810644070295298,7.317968459390644,0
4,0.764902610993621,1.0533417152874178,1
5,1.586852133332233,9.166247466039346,0
4,6.2830076999757605,3.9153795142438983,1
7,2.2492447873300785,10.218384470918334,3
5,1.2203667720661708,1.4349353006414245,0
6,0.6991587901904565,6.577595892288439,1
5,4.833190590201591,2.340681627911324,3
2,2.9386343577934104,3.1109832495728624,1
4,1.8937045293756918,6.993846776439902,1
4,0.7357240851133215,2.4981289812344825,3
6,1.2205068241500763,3.68288411110778,1
11,9.644907403180733,3.7078900587080064,2
6,2.202469687944927,2.551275907389156,3
8,1.5359753165747696,2.3904258328412658,3
5,2.210808481371458,0.7451192431403383,2
3,4.528621707938395,2.9479611260813647,4
5,1.2470415386765072,4.342289832777759,1
1,0.59062284300123,2.9277946421478145,0
8,2.6379685166537143,4.55720698161625,3
6,3.282702590869398,15.487084646014722,2
4,3.741872932613677,6.80791567744424,4
7,6.410896491140435,3.6371751851719276,1
1,1.391702646147468,5.907317319579736,1
7,0.2350358600678792,5.936345777919726,2
3,9.535259713462564,0.47315593834364456,1
9,1.7128519757019949,8.88604007363254,3
4,2.928580123348773,3.662978097183886,2
2,3.2925865355696877,4.377659837667509,4
4,2.37237071565728,0.40808335934147355,1
6,0.6892114607455151,4.635829517054,1
2,4.221243350956893,4.04728022268864,3
1,4.885127947555228,1.9040839024838963,3
7,2.415426205348186,2.6907330890864527,0
7,2.011581815326501,2.1267971386895104,2
6,0.36290568022503744,2.3688961366585253,3
8,0.26305843323574996,3.7857678378213664,2
7,1.2445690089512844,5.291813217985192,0
5,1.1168722388134662,7.590219658134025,2
6,9.215019528045664,4.484768427566623,2
6,4.592195496009553,3.375498275621054,4
7,3.2357610754633415,6.0641132474948565,1
6,2.1872439766694853,2.857985911891547,2
3,0.5494888426076158,2.9193729129412946,1
3,11.513067373477888,3.008680010278437,6
1,1.4102062456508624,1.326299232720533,0
5,0.3392561689401207,4.696597366970066,2
3,2.042463748067413,3.8999893173354225,3
9,6.214372773919889,2.661398959329914,1
8,6.548838056591727,2.056232295848163,3
4,0.03307945474890737,3.0874303947496866,1
2,6.522463361089198,3.13472908934174,1
3,0.9502379676074757,6.768647664015889,2
2,0.11925633854475776,2.3978668941651464,1
4,5.6474877268236945,1.9058473068268649,3
4,5.982363412478176,9.596402787921035,2
5,2.7207376334149127,3.0661904815955348,2
8,2.563003983168563,3.557578956041571,0
6,5.03187011444407,7.627249369788737,2
3,4.629680457464738,4.8922728253032925,4
5,6.624702667977226,3.6978208954618275,2
6,2.413895549180618,8.494369459113676,2
3,10.293154178752145,2.584486542164076,2
8,16.676578005221405,4.645258794207658,3
8,0.37174344256665715,2.5272739021265633,4
5,5.682248994688155,7.652541274725932,4
4,2.078375277680307,3.899837754426802,1
2,1.470943949571676,0.1622241967655033,2
6,2.8485523519579004,2.3200799856834022,6
5,0.17277788265290625,7.274261675277414,6
6,2.118460909557786,0.6214393804722685,2
7,6.1412848195555725,2.4297401190329473,4
3,0.7203408814556955,0.5972109568466943,2
9,1.6674161179313773,0.6687278024410713,0
2,8.414388174881225,1.4908518168339564,0
0,1.678807512550867,4.35533648625104,5
6,1.331219326027739,1.303676062794639,1
4,1.7423317648094274,11.527988755485213,2
6,2.198489264133348,4.8476269892201875,0
4,2.998946459123854,3.6468587630375846,1
5,4.838723791718916,1.0631686246859626,2
2,1.804999548893631,0.7426656513766793,0
5,5.102701938468602,2.9195322273948707,4
4,2.288911155869257,10.483249016169136,1
3,1.2396474992295952,1.314910238019572,2
5,3.218402324477707,0.9633956217072464,1
3,3.7945913414842227,6.725761861587455,2
3,2.449668622905966,6.588457263636519,2
4,0.17484233915174902,4.141750495746263,3
8,0.5585654216493248,2.1944381920768423,1
5,1.007667647571517,4.980315119926041,2
4,0.9964722216984643,0.9578646333981452,0
4,3.3572483630891874,3.6857388426501676,1
4,0.055557258883750835,0.5897157824746674,0
4,4.22785113296745,3.5062918912319336,4
7,0.925052521430994,6.881434054047324,2
8,1.1132860292244446,10.689361396051787,1
7,2.2517558074535664,2.2833955730612003,5
3,0.7297540991178249,4.327456844547397,1
6,6.474709237640681,1.9987571212272501,3
6,0.26770299739031,5.051853565517356,2
4,1.7630247698620878,6.356847003247568,1
6,5.6798275382905,4.999269262996467,1
9,2.870118852175768,2.0709453544220926,3
6,1.0373301344572559,1.4719408417148854,2
4,1.6381162146813129,1.682743855803458,0
6,3.6796204292452632,3.501575004176066,1
7,10.864867522175452,0.8763341481513456,0
4,6.708671157209275,2.245409438073943,2
3,1.2576249827315729,4.9166524425419125,2
4,18.956373402507513,4.051324810591934,2
5,0.010532457752953025,1.241465082383058,3
3,0.08405591216172557,6.437025124606416,4
5,5.2090965913875245,2.9079529918816545,2
3,0.6674164059171215,7.60231079157827,2
5,0.18808232820132578,2.0179867557922098,3
5,0.8120740010475762,2.110078023595672,3
5,1.6659011465218132,6.297714088335935,1
6,3.934298460883349,0.9724280171264016,0
6,2.9371766754884385,4.991037439520588,2
6,0.8139352709639518,0.584795041312509,3
5,2.099128686489322,1.8338637391838417,1
7,7.819763087115886,2.3268445141422998,2
3,5.062324477612394,4.807228533875391,5
5,1.1710931324111644,0.22717621811462826,5
7,12.096571373417795,5.320568408613318,3
2,3.699385188085178,2.1835599395592276,4
8,0.193453505923599,8.151208131577496,3
4,0.10738120134262186,1.911817525080417,4
2,0.5532398452142506,1.891102757740841,4
5,3.9042703684723534,0.8313538157920174,7
5,0.6090630941057577,3.59243448615355,1
4,2.149166170018913,9.977815435933367,2
6,0.29369898545922046,2.6787017991788407,3
8,7.61060227107874,3.676773623435404,0
4,1.2646033547143227,0.6245901049899256,3
3,7.162209391502939,5.25174609512246,2
6,8.694490769755951,2.4686130541783182,2
4,0.018442513675124415,2.169641589663144,1
2,1.8716200939376257,1.5593810493571958,0
3,0.0748953204393462,1.876248348494417,2
1,7.180575793621854,4.95867450843442,2
9,2.1919711532620436,5.958808885206228,2
5,0.23370304946684878,0.5080472590105366,2
3,0.35053438575820717,1.0826721140348392,2
4,1.4511347842611517,3.414649987381721,4
3,8.451964706190722,1.106803014452858,2
4,3.541834955821728,1.3624445597008463,3
6,6.066210418524205,1.6352087249378966,2
4,1.3692805392731007,4.297486205503022,3
2,0.13252564193948413,7.666113086233403,1
6,10.985852385657166,2.7706624196436342,5
3,0.051966470052648046,3.510940806096003,2
6,8.849504758933142,4.926439721972666,1
2,1.379814998643565,1.6580318876819837,5
8,0.030424974681549616,4.599644029833717,3
3,3.5054041886748792,10.701246877033789,2
6,11.818229477237459,1.3941912783063721,2
4,10.111340253657554,4.3840280950904145,2
5,0.5264084978789101,3.529928500381019,2
6,0.599921437267227,1.3322058798742387,3
1,2.500946700384018,6.189268016134992,1
5,3.042577619175269,2.0002941390032265,1
7,4.034512070214015,1.1898351192513972,2
6,0.599198061652949,2.1228937320552683,2
6,9.583068225392362,4.680731113726572,0
7,3.0544658988657574,2.090078409432233,3
4,5.632872191711841,0.3036339778352806,0
3,2.330014977053331,10.392568134433894,0
8,1.6047241115953725,6.630967650916865,2
4,11.340735939506006,3.827702721567264,3
5,2.617692748299745,2.3095305538347173,0
5,6.0493682908054245,2.4707154583873843,1
3,9.191544926555453,1.4194647546189094,3
9,3.3750655572826678,3.5114263916829342,1
8,2.3884559427432817,13.10170749883212,3
6,0.010551085232405687,2.999242420573353,1
3,0.12252736149803001,5.499781594807124,1
5,0.6726244135479404,1.7943370501239757,2
5,0.6174158147360868,3.791222908333405,3
5,0.8821420445120357,2.009500279895774,0
3,1.0912481740837556,3.3734690324548766,1
7,1.3391683246136399,7.946062332655538,3
3,1.6369639717886528,4.165342443792573,1
0,0.31230505314219215,7.741444370212606,5
6,0.12985611578602618,7.932359789422225,1
6,3.36206253154693,2.590288205044874,1
4,2.3122549509387733,9.217724024919452,5
5,1.7617391246438325,4.379389438283997,2
9,3.0189740809274035,4.150223524344443,1
5,5.275195876467303,1.9775565629212544,2
4,1.6742386784765313,6.827932457727791,1
3,3.074297152821572,4.61783193214629,1
6,9.209572123835029,1.8812302539282681,3
2,5.490711937660814,4.962936050776239,3
6,1.6653818840660135,1.184025978696498,3
6,3.1045205024818285,1.126836187614987,1
6,0.5846557706574569,3.276582854840082,2
5,2.466504122123812,2.4202501843054898,3
3,11.942237387420583,2.565022659563426,2
4,2.191395434130119,7.67990323253602,0
4,7.878234341689158,3.7530036608034756,1
5,1.5693774887834502,2.41519210600602,1
4,20.29051596751485,1.2560125258109154,1
4,2.5969356927747747,4.364215257126293,3
5,0.12956498322617288,5.084662935600857,1
5,2.6511424487611697,5.333400328035724,0
5,0.9629832374316678,2.7237763330866316,3
7,0.0990616466258721,0.6749569461579713,2
3,5.158650845774077,7.881332997406414,3
2,0.9677715801579101,1.1982549209270168,2
4,4.776983692172547,2.7548113764857844,2
4,1.0199490249380212,5.406629207739436,2
6,0.6482295720674528,4.687511270810281,5
3,10.941551660638412,1.7050178758726442,0
5,1.3465837124694973,11.770410373742282,2
5,2.7592115781335544,2.701509939450489,2
5,2.8246832599874936,3.851562971515453,2
5,2.4661716819766144,4.027801338903854,2
3,7.384592776879437,4.7549377688515895,0
10,3.366635380115331,4.844595688620649,3
5,1.551200197620049,2.2504752838510163,1
4,5.949785427940178,0.10249674684901541,0
4,0.5992439939271695,4.24509885973159,3
7,2.357345428762475,1.00831585586234,1
3,9.020402227663716,3.474143418527762,1
6,2.945670485773179,5.012865629276329,4
2,5.094290217670685,3.808265525754052,1
4,3.1801431894289616,2.404854038515773,4
4,5.485971214112843,2.870268266957929,2
4,8.67346170271399,10.87521452849437,2
8,0.9561634266816343,3.3205655366677083,1
5,0.5577639771078121,1.0123783065646883,2
8,1.984891763847318,1.4193554881997312,0
5,3.630600732162897,6.4357196797195035,1
7,0.7731710334056614,0.850059168760617,7
8,0.012329653341049861,1.9567633132697826,4
3,1.2599175214031608,4.600349270829492,2
4,10.407722317967675,3.230278393586456,0
6,3.5620104645813653,3.2525206830203324,4
4,1.5391114218091104,7.505771372074421,2
4,0.6417193995793353,0.442690358641878,2
6,1.3205874226021508,4.71029677968767,1
2,0.5584084291420776,9.481496265217338,3
4,0.3371749330126727,2.6292276378688073,3
2,7.117168285004063,2.486024479708419,1
8,18.160451852270345,4.1729960580692484,2
7,0.5377906942089077,3.1884511604071477,1
2,0.1681957511196291,5.286395629836016,0
5,1.200228943475778,2.8858918787464036,4
6,1.8577902791514722,3.578461975041217,1
7,0.6875650294695379,0.9069009921692188,4
7,1.0761378205442547,3.4993977542101917,3
7,0.6726976910626894,3.0685801185004933,1
6,4.465121707627729,9.330936060862587,3
5,3.7404106873435725,5.779129043000279,1
5,3.023175302069043,4.013596729358284,0
8,1.4692374033679294,4.59722819471983,2
7,7.192037334764249,3.2527130177288006,0
4,10.473288301572392,3.1001825899770132,3
5,0.5721717997468876,5.281506723271513,2
8,0.7569935947805884,1.872851029204593,2
5,2.237309514480409,2.1384498644515704,2
2,0.28705762973997295,0.650606254558485,4
3,1.7204891311950972,2.6458811049282445,0
7,2.6153238136166,3.2206689607432297,0
3,2.2148954185499536,4.280505960028006,2
8,1.2055037432136837,1.0304380658620484,3
1,2.345579833860463,3.4368864039875846,3
5,9.568020553552232,5.221372646999953,1
3,0.6920812132130435,1.481409147710582,1
5,3.19116649539977,7.746799377540058,0
5,0.13309947574523762,2.1744932911487864,2
2,0.20617430812178864,13.232337543027482,2
7,2.407736075953667,8.90209301899505,4
2,0.3325908242258265,2.062910999240734,3
4,0.06780078366755578,6.455193015115096,0
5,0.5644623912227609,6.719267261321979,2
4,2.496187723971757,2.5590962585576644,2
4,3.645515383931097,4.180110232514984,1
5,0.6787396975943406,2.2381743833243495,5
4,3.3102061587630187,1.339127131483697,0
4,0.6044262715381051,7.968969534138303,0
5,2.8515397980062964,2.979776997666765,3
7,1.5928792854859526,4.330395961843382,2
6,3.1822116568480263,7.607891075399051,3
6,15.926771740415505,6.859443089780193,3
8,8.33301920812779,2.4467876203579486,1
5,0.012872852435908487,1.8906092468763869,4
2,6.499937369653226,0.4047934968683556,4
4,0.2064133664911121,6.306514257359112,0
6,9.175798091162697,3.220545763646161,3
3,0.9931288578978289,1.17510660337977,5
3,1.4439695490045374,3.1101065597609128,2
5,0.2883375818769053,9.132775394151604,0
5,0.3572722303609549,9.323700647889902,1
6,3.892000873623102,0.9572367458791761,1
2,8.66506211499394,1.8530716832134917,3
6,2.830588805245083,9.508342454849432,1
4,3.774759197646052,2.309578139816675,0
3,4.306072469546409,2.3699305851753545,2
4,0.9147462497295531,0.6418503893183621,2
2,0.13885325591938052,2.9289846650388487,0
6,0.005623499089455843,6.650157150739718,2
8,1.2953469365241959,0.6353830897714244,3
5,0.8290959601958545,1.3690577088126716,0
6,0.19303234026532146,7.420902774574396,1
5,0.593627553185843,5.226329680314015,2
5,0.39887660656129353,2.1367647193636374,1
6,7.391022686603473,15.11562813900987,0
4,0.4534009540217553,5.131584712214298,1
4,2.3142893303364653,9.482551429290195,1
5,2.697607378208137,3.3179828208389526,2
5,2.3524304564275127,1.988241410263724,1
4,0.3129379752760352,2.7098624527382515,5
4,1.1516907757504584,0.8795692725495569,3
7,0.15789414387942735,6.142262985453344,1
5,1.510904191450319,2.6081878844526334,2
4,0.6269784332082312,3.9426212330111827,3
3,2.47409326570813,2.251743353465984,2
9,3.540850805428382,3.8660646362749658,3
6,2.2786293822455157,0.5650352933988542,3
6,1.7087384404154853,4.281419172824501,3
4,1.4698032227730966,1.3876940514165832,2
7,5.529633934599479,2.5135525049785223,1
6,0.7429545429547282,2.22382933077313,2
6,3.975240397675438,4.135313164086307,0
2,4.250042050773492,0.8462770063357504,2
6,1.6300464839700992,2.2048240307926585,2
4,1.0584782205954224,7.48681021234466,1
7,1.9077013994495915,1.1591949069823952,2
8,0.293546152946259,0.7604464608256516,2
6,0.14105480623279193,1.8877859298724402,2
3,0.35501036499743444,1.6290486586855277,4
4,0.6216077274907325,10.701881014193837,2
5,2.104607725298492,5.552082709406462,3
3,5.6741421811595085,0.7069602714847966,1
5,0.8061583425948793,2.718768738666579,3
8,8.20759078048755,3.8981924823499026,1
8,9.297145236792401,2.609908537990695,2
5,9.575577611358677,0.3111818810332261,0
5,5.4523902338973755,4.54731004278125,2
8,1.3568449811635046,1.1190872957274265,2
5,0.2263823728717604,0.47771696930199153,0
4,2.523680104043567,0.5612434233861368,2
3,2.453964944866007,2.4182896366073687,0
7,5.690875335994204,3.524968989875394,2
4,16.557678460007878,0.5426622890887459,5
4,2.1287890271842826,2.387569745326745,1
5,1.270294768929168,1.4770532905622755,2
3,0.6170225183853382,5.813268149103353,3
5,0.014434142909027961,1.9516136029889284,2
4,2.1346281927919284,6.1075929176117585,1
6,2.4325416592244156,4.301921278718535,1
5,5.227853468805348,1.3087181739186482,1
5,2.1070298132020366,2.897928436520542,0
2,7.447588983174245,2.342613178806359,3
5,2.967257547827637,6.364394922400673,0
3,5.504055491568884,4.676892312239093,1
3,0.4815688911411418,3.2588878716714285,0
5,5.800027102871136,2.933994079972493,2
4,3.3731184710986577,2.6624425597404784,2
3,0.5598311387592223,2.5046700407786093,1
4,0.6312875111632612,4.169422851808252,2
2,7.831434885507517,14.31739623068223,1
6,0.09823708878590157,4.005218876457898,4
7,1.8626745956289623,3.304762885968683,1
3,1.1283391804576635,4.348363047854984,1
5,3.2815678141621163,0.48407649032759315,3
4,5.490803443818093,2.553475185048819,3
6,1.3406342764814272,6.853153621322997,4
6,1.6700960987781608,1.86616516936267,2
2,12.038479178660271,5.92960284156021,1
2,4.59627125015464,3.2259509792345398,2
5,6.825030332789617,3.2890016037059806,4
2,1.7328318424568114,1.1637647836777023,0
7,0.8000177915948752,3.494912155879166,1
4,1.5923884689433088,2.968230716684575,1
5,3.777314242633844,1.9469975053321709,2
7,0.3476820791964643,8.755762237949074,2
5,0.9460606855075686,10.127615269156001,4
7,0.14327517634199727,1.4790025863192158,2
1,1.6987387893761436,1.8707494947562757,1
3,5.271130553842595,7.049401948043789,1
4,0.074918797145263,1.9179387618084702,2
9,3.3747781786734334,4.124200192326959,1
4,8.086699693968997,2.403570356656661,5
5,0.8112081189298619,2.8552948389416057,2
6,3.5489326725833976,1.8994786674418995,2
6,11.078891483495628,5.14833925660167,1
3,9.832540184939795,12.910643072643325,3
3,0.8033606739210059,3.26884104428905,1
5,0.31718526068613817,4.05134011511088,2
7,0.48150127319612335,3.5509821526251772,0
6,3.632344477600779,0.5481831200302683,0
6,3.881242628963293,2.2162157060547467,4
4,3.3647514305774315,1.4354767458859128,0
7,1.2287735709098302,5.228405557710239,0
4,0.5581826010546115,1.7725755206913234,1
8,2.607943005848862,6.731328388705737,2
5,1.9830882420458698,1.241532296397918,3
5,3.915073926183937,5.786985519188947,1
4,1.7467504838894243,1.2091920868959567,2
5,1.2403694891784958,3.969853287135558,4
2,1.0422052653234024,1.690752646540538,2
3,0.7127556967795837,1.792477550843069,1
7,0.9267023205635583,11.733662255862443,1
5,0.29889897731615755,1.5094529683214597,1
6,1.277877603398641,3.28865756588778,2
7,0.11176575239387695,6.284192002045351,2
2,0.6189103620507534,0.6126895746712862,1
7,4.120376604338437,4.481664644327452,0
5,1.1812128828992028,10.044529734098324,2
5,3.310003414729646,1.326423896320465,2
7,3.7856975746818087,2.534594122234247,2
6,2.6109804070389058,2.2140891076089155,2
5,9.560514276064106,6.540693358199853,2
0,0.06501911814708972,2.8178613729076805,1
7,4.025714747353489,6.301324711592588,1
5,9.56697869687016,9.312487542044984,3
5,5.947417764723193,9.936690386046177,1
6,0.5513816108452364,10.579070562943803,2
8,1.1872289426791447,1.766376395608885,2
4,0.5678639216381699,8.782301275563889,2
6,2.7587010075875846,5.357172590197527,5
4,3.7363431814922134,4.90471428226748,0
1,1.14410529929047,3.729052233102616,2
3,2.326370097425279,3.631839260832269,4
4,3.522470940994607,3.026816281269543,1
5,1.6411196289409518,2.7339470219367676,2
4,5.772765107743217,2.8243029085067195,1
5,4.4293128831198345,1.2342000648355915,1
2,0.2005533196310915,7.022030425009571,1
2,2.9116491990681115,0.9635596760893688,0
5,0.8049152776221846,10.927631089700876,0
5,2.4460682744108153,0.7678403798899598,2
5,9.431892496354447,1.9348074119713037,0
6,6.337431897122542,4.515793752941455,2
4,1.5551443070391815,2.9347272097676647,1
9,1.033874340485288,4.813367891143243,0
7,0.8013088260513754,2.3037416759811364,6
2,2.2811632131751978,2.3466012847383926,0
3,0.3639563669608332,2.433803069055085,2
4,2.3906936987627807,4.588821761846644,2
6,0.004003588738191815,3.6862123366774386,2
7,1.1740193638504166,3.8801861373947375,1
4,0.7451314494195063,15.102294631329212,2
5,10.644097601875803,0.5220965922962001,1
5,3.897514486305838,2.4391818528811617,2
3,1.2907493921944666,1.1133995467357432,2
3,0.2923261374010322,3.6592123150279083,3
7,2.1819775892885893,5.5243525050092765,1
3,0.7202888762644948,1.7117381108976697,2
8,2.306390702980375,0.3604815855279716,1
8,5.4120249178415945,5.393053390193787,2
5,2.869717930088604,1.3306392938813927,3
5,3.013632071804409,1.7657096738493798,3
3,2.3363131810277276,1.681716632465031,0
3,7.862823832656829,2.1827292770927356,5
6,8.060452456225079,2.7253613204400917,4
5,2.1567688252344044,2.9853952945805315,0
4,1.0948104546046,1.497354758586835,2
6,1.846264883431057,1.8981466242847393,3
3,0.6194416313652019,0.562234198285508,1
12,3.0346433406441804,4.644506566110316,5
1,2.079995607534914,4.534433228061238,3
6,0.32710336164519643,1.2309343239794128,1
1,0.6606227755910992,6.359250967319453,1
6,1.959656823668951,2.274324331746128,2
1,6.556780196933868,1.7033384198252077,4
4,2.5068342849814633,0.8592429946865676,2
3,3.4327281023183427,1.019603097065098,1
3,1.2421338954268324,1.6714623908373583,2
5,2.541773334881144,7.299627659882795,3
5,1.779253060968319,1.6685116255208092,1
5,3.228761549168061,4.847360579203581,2
9,0.15569801107450146,3.815694544614404,5
3,2.0395097797791215,6.428263833331518,0
3,1.052899341693569,0.2033248968892389,2
6,1.1843993322013997,1.1511365615964662,0
6,9.726236193891971,4.680635891496681,0
3,0.6052281228608059,6.360849381334717,0
7,1.1186100771927698,7.12549180030145,2
4,2.139392036109747,2.424129647985642,1
1,5.96391322297327,1.722790675067503,3
7,1.617007073025136,8.531933773316299,2
7,4.086155179173416,2.8580660160830886,2
2,5.821629792254448,0.8828201756330647,2
5,1.1132621572842436,3.5600708166697523,5
6,1.496445040036845,2.4478074759787143,4
9,1.3227618823864868,1.6784324965003932,4
3,5.366695252949061,2.8884331116002824,1
4,0.1360807742382769,2.4621337499671374,0
10,1.1063340553493202,0.8467280798856854,2
4,3.412763194798189,3.388930481643285,7
4,2.500287921623323,1.3812905827281048,1
4,1.7196426225945356,2.712644298392332,1
7,2.329248738940466,9.283642653006092,2
8,0.6603864973037205,7.425619510630831,1
6,1.6901308200677252,9.47916263127943,1
6,2.0896768872811124,6.617410058039086,0
3,6.9436427358449615,1.7244891378060099,1
5,0.9067029855432404,14.687158476722022,0
6,6.070964920909029,1.124477642264944,2
2,3.100508611039278,6.413697235674583,6
8,0.061651663839150744,1.023664455704276,1
5,3.8689334580452366,1.599033104170741,7
4,0.10859770521006654,5.6200352223243595,1
4,17.835033405986394,3.479428988541112,2
2,6.182134649323459,1.4273274998083523,1
5,1.0586624372283606,3.268851622501353,4
5,0.8928385804824424,3.4331901416079478,3
4,1.4410884970753164,3.2779695590943043,2
2,1.3209475482085433,8.601250181068021,1
4,1.3972595538420807,1.2476349169269036,3
4,1.1493935886508264,2.3642378708266687,3
1,2.9117133984794377,0.4607684199381051,2
8,0.5383263086042183,3.3042618664347274,2
4,5.612043618969078,5.586321743202042,3
10,5.020369450808308,6.476396367324183,4
6,1.9415585175022172,0.8712852644302304,3
3,5.746462219430339,3.86805356356203,3
6,0.8516481774766119,7.265225481349644,4
4,0.05316467711904792,1.7033003317895687,3
3,2.8965053634281586,17.41481752805839,2
2,1.8369664370647167,4.487307677932563,2
3,2.5121929132307628,0.23061650849931084,3
5,6.88800271975269,2.6475816011959377,2
3,10.512240265470199,2.3345523692429104,1
4,3.019082398221969,2.8871729012472165,2
3,4.332477155775103,8.417025190807214,1
6,0.26258940727734975,4.588564580559299,0
5,0.5256169109463756,0.9906344213214815,1
5,3.963821924015161,3.882473911002425,1
4,1.6935519887008676,6.184212508098955,2
4,1.7715837161970067,0.35485791133351097,5
6,1.1071435854562544,1.5765122580413173,1
4,2.8045587201538265,5.1962178219969015,2
6,0.6143090878868012,10.377110617016976,1
4,2.9578572968471715,0.943752359324797,4
5,0.5727510622255578,5.640220446501048,0
5,0.19786187826471144,8.484251038911749,1
4,1.2030347186491424,1.9535596792330527,3
5,0.7885404764824167,6.023603797698517,1
3,6.5944492565565245,2.360066543726775,1
4,0.16956329260774688,3.041126564913312,2
6,0.5829893972847833,4.166487035905577,0
6,2.386999246664158,7.80593283700377,1
1,1.967942598993163,12.521117904087552,3
3,0.14080950766679767,2.197346548243608,3
4,0.021836564161727665,1.3190199810816592,3
6,13.285579644621585,7.591993092889191,1
4,3.226164508412895,5.676443680554118,3
3,1.3643101827854751,4.511488882650704,0
14,1.9070825004481309,6.34324151980532,3
5,0.9299880428342915,2.394139859596154,3
4,1.268782095776736,4.548935075288218,1
5,3.14128725274687,8.903024232545148,1
5,6.431922239510606,1.9725733484700592,4
7,0.610500836176719,6.041680912019691,0
7,5.504530286164583,2.643504564858561,4
7,0.38881150510728546,7.376043055535941,1
2,0.7261849649759063,8.371822949585,3
5,0.11365171994705454,3.1108845210161333,1
3,0.45530208389100457,4.068826379441518,2
7,7.477721136922904,1.6982351752908968,1
2,1.8454419632051358,4.8450569153674214,1
6,0.242543145595146,0.9104257264314902,2
4,9.636209964536,4.7952660887758904,2
8,6.335703489490392,5.392066413406011,1
5,4.21560622234011,3.9015868325531367,1
1,8.13043281405306,1.831149390129782,4
2,0.7458818916415487,8.257151213528589,1
3,5.430429530666173,1.8167727238923048,2
6,3.5134637491473244,9.279143822104464,2
8,6.115111844476955,3.8283950534416378,0
4,4.782341274200008,12.643076416326178,2
3,1.2762155745346326,6.601897042146625,0
6,4.466955823580007,1.901822357887955,1
6,0.9132898270002183,5.391418658793872,2
8,1.1951355657652354,6.203610171675579,3
6,0.3425503614218003,4.1230497484823925,0
6,8.203642235100741,3.380418386687311,1
5,1.0317134889787707,8.583998403381626,2
4,2.2058004572899814,1.6715457228033068,0
5,1.4894510705251878,3.741516407358979,3
5,9.651241356307137,24.796182204933636,1
6,1.2241265469628455,3.8261394603549435,3
11,4.522618738868074,3.740790718900737,4
8,5.801687084818901,0.9892157441300258,3
7,1.7160107137841747,8.276178829153926,1
7,1.4252743602756803,7.546159835019941,3
4,4.131954158161949,2.6668871448695533,1
8,7.321956737574932,8.515249984533726,1
6,4.218655400186981,2.4431957433890834,1
2,0.7729191540111231,2.632906763503481,3
4,6.576023803941975,3.7899326871010914,0
0,1.4710190401315488,1.8384537466761002,2
6,2.5756891070788237,2.1329603829433568,0
0,5.341312562445948,5.685453474847222,3
7,0.6262236713616149,0.9752974230062605,5
9,4.604524211552839,3.8198289160750107,2
7,2.7202303420760714,5.511827992883859,1
2,6.714373401072154,5.038768765585354,3
4,0.5661191360100037,8.249008601117094,2
8,1.637712415653973,1.1148926292494974,2
5,5.366467032022245,0.5743626922341379,2
5,0.05825711520510865,2.0673674607095287,3
6,0.3570309782418586,10.584897577866377,4
2,13.990054950447842,3.009681920933037,1
4,0.9871550614589282,5.749865463566411,1
7,11.132540179506119,5.516488536950479,3
3,0.6046289143846165,1.9981914385669668,0
6,1.3439959009841047,1.1278009020755353,3
2,4.193515551697314,2.3127003077728947,1
8,3.2168904590543024,4.71143982886105,0
10,2.6105295770166035,3.636124874968227,1
5,2.264424263160752,3.948249044666977,0
4,5.562956369191039,1.781472508843364,0
4,0.8034366278690961,3.7458687552538183,2
8,1.7527218843510581,0.9251990053141242,2
9,0.506862155748041,2.320585051220269,1
7,2.718587539339482,1.135458160710006,0
7,0.8652247052174287,3.831147164911794,4
3,1.2186854877887843,3.0114213308062006,1
8,1.9117227118167992,2.0640797592419515,3
7,0.08140633266353749,1.6191629451448961,1
2,0.2893276506200383,2.649349858804776,0
5,3.474410720154103,2.1649169151492305,0
7,1.6809404926014144,4.3986269586176245,1
6,6.002783386507312,7.055221624123719,2
1,3.5591060469388154,5.243938106974192,1
3,0.02440179770277411,5.6638503803543285,2
4,2.876908431387297,0.20372925273309525,2
4,0.295237017584284,3.402917366556527,2
3,4.555135441775663,3.9364728591241924,1
7,14.3057820844471,6.2977631517046895,3
9,2.2727294061366425,6.732804565544907,1
4,3.4444744917802805,8.139851755197022,2
3,0.8127272303387343,2.2027195649415776,0
4,1.7266137800284507,2.42407772231262,5
4,5.8158126841911315,0.15728794255993608,3
6,0.549688518452261,1.2701279008784512,6
3,0.9258412815959645,4.468892583103252,1
10,1.7687066027914922,3.994320046314048,1
5,3.7369781408422362,4.329234917245238,1
5,1.4142568740727075,4.279442541354959,0
3,7.882133158627658,0.8687875398556685,4
2,0.29766171548038023,6.906662705308619,0
7,1.3899383371838505,2.985032909930864,2
5,3.7028231183628186,3.9275040293312697,4
4,0.7684989207300814,5.68213790849329,3
6,3.204945944852806,11.058348523772798,2
5,0.5381586569673779,5.494677287173793,1
4,0.1728246851229039,1.7705499980953396,2
7,0.386964785150813,12.729921294733007,2
4,7.977128030277409,3.4577716557492777,1
2,2.4072184087405732,3.5718405745916124,2
3,4.773995103238622,8.31431001861904,2
8,1.213342132587725,1.1400043246977525,0
5,2.694311226210596,4.927557726629869,0
6,2.0493062083679288,6.053737949669384,5
2,8.741791094059668,3.1840782623303356,1
3,4.129918986884024,6.014629283181566,7
3,3.934035265552134,10.779660155282238,1
7,0.14238593850993497,0.6972749495299193,4
5,2.393321689901597,1.7191678755220385,2
2,1.8876534629685473,0.3314715196038893,0
2,7.886702443682472,1.0894466595483738,4
7,0.892558861281241,2.7915623424167797,2
8,0.9434478740534951,2.4088991679305973,2
4,1.5897513812080017,2.1618897961470913,1
4,0.8366416131670074,8.252444718457992,0
4,0.4149734444919669,8.433840558535106,1
3,5.843447671148733,9.743993191075653,3
4,2.4512136405304394,3.8055173020624786,2
6,5.927682736195264,15.046124298279992,4
5,5.335962931795419,5.039042027403576,0
5,0.9940341048949441,4.600367402098852,0
3,2.3804771772118087,4.87499122304004,3
6,0.26065572743863163,5.03225522267861,1
4,7.404215290260312,2.5502173046289296,4
2,1.5538665185566978,5.604855302406374,3
5,1.5010232568265192,7.953131731000641,3
7,1.0818568652270029,0.5693675160763675,1
8,1.8522481569851514,4.402427887504656,5
0,0.8700920309784871,0.2661016717244857,1
5,1.4093018809502398,7.0022487001447775,1
4,4.827519571201438,4.181728825770847,2
6,5.391923563803605,3.584583767887317,0
4,1.0880035005713249,0.17734807990656207,1
7,1.8990613028752565,2.2587018830892145,1
2,6.210132141056381,2.506647160614622,0
3,0.16233388418519668,6.864425429830489,5
3,6.598595685329617,2.814776114893542,4
5,0.7422485849127912,3.0587088564500946,0
6,3.4046394262222157,6.552232335233322,1
9,2.620783698101101,12.924702618341337,2
6,2.415192416299992,3.322032000369968,3
7,5.884660329355114,9.217138901359005,3
2,0.32132660822931475,10.73565576744636,4
2,1.2786632052903766,0.9741486728888851,4
8,2.3182128228243317,1.7778299694083581,2
8,5.002613282290498,17.13063475030514,1
8,0.731734727418668,6.717051228805695,5
7,4.872586435467788,1.3280715042295566,1
6,1.53066982811112,9.695354592547986,6
2,0.6281430346806074,11.611789485398887,3
7,4.26870625006271,3.930401885714347,1
6,0.2858969144674226,6.1158426784076605,1
5,2.169380585862325,4.769211238062369,2
6,0.19802130528124115,8.854975979795666,4
4,1.322116820641447,1.6977704031919294,1
4,2.756959077994326,2.3645493230508823,1
4,2.4365729369701423,6.836354454855682,4
5,1.555844734485996,6.919729680488326,0
4,1.6813503760479172,6.823329884363955,1
7,0.7715344649007121,5.316101096811983,3
2,1.825770675934225,7.921091470372336,2
4,9.189134682984447,9.829091758451723,0
1,5.7004320135591495,8.989284219900535,1
6,0.470778625905912,2.6214518851891673,2
1,0.09069972169349205,3.1947261413585593,1
6,8.132757008794218,4.378638825966976,0
6,2.2443928811365215,1.8477994228775667,1
0,2.315518252060233,2.7043082732260104,3
6,4.5521900600719345,3.93421093455411,0
1,1.1336474730842305,2.759507083211605,3
4,1.9728048423011413,1.9812112510249829,3
6,10.388858998096943,3.0909686980555846,2
7,3.345585261582235,11.50898231648633,1
6,0.5008037524868747,12.145986485565981,4
3,0.4289336043224916,1.688699104451941,1
7,0.6854662783084922,0.8168299064838521,3
6,4.36644042476126,3.783863043595593,1
5,1.0502771292727122,1.182876004762901,3
7,0.06486270889954449,1.6912942887204034,2
4,8.656566239161766,5.282715297682862,2
7,0.5579530690065038,2.4335448629374237,3
1,0.028812476361544534,9.620062225194912,0
2,0.812009228285819,2.1534145506872133,2
2,0.8037512282502549,4.910747190892895,3
6,1.644571484577586,12.07878624474201,2
8,7.5918403479482475,2.4235521090349783,4
6,6.340482445358551,0.9687040892066603,5
0,1.831355364543897,1.518302521220505,3
10,1.5874775075329695,10.881303886082142,0
2,2.429104248206934,2.0005758846032644,0
5,0.8369758712447636,1.19743527996465,1
8,0.1607878049228139,6.731143525661993,3
5,8.401687635978469,1.1555000149398598,1
4,0.6199619569715875,4.065204143219476,1
3,0.663439375168862,0.9914468105088275,3
7,1.9185936314869856,2.8558613082138224,3
7,2.0295389661414043,8.286452266911303,0
3,0.05581871145336058,2.311164955805619,2
3,0.4803468901772865,1.0256540252642496,2
2,1.4251923649899,3.5982847945226055,3
2,3.4534835778472592,5.483059836349947,1
7,0.7779387553318018,3.2284102315641623,1
4,1.6498141488048312,12.396537655701664,1
1,2.4448942187506986,1.5984793946136897,1
3,6.5836817416152815,2.579765549212802,4
10,1.183889329200972,3.0567752896859064,2
3,0.43008124458346975,4.489632363151732,2
6,2.015755687284732,1.5325827153661722,4
4,4.119798019913511,2.3826714240321434,2
5,0.34912875697366924,2.2664924668441206,1
3,1.658504821211133,1.4595522642800907,1
7,0.05383559242564528,3.0445577028284463,8
5,0.10240564547903576,5.415000123470226,0
2,1.9788666059937192,0.9080014208432062,3
6,1.0623088978672501,3.442923150639443,4
3,5.595067960282556,3.932851883568751,4
2,2.765073158128725,3.868783639456152,2
7,1.8150405902510105,14.632949274591581,2
6,1.5724184386212214,3.9668552259498857,2
3,2.062959780584627,2.818399898489538,4
5,0.12383764462822713,2.0124814486044365,2
7,6.698991175733553,2.286196258129321,1
4,19.13695520129793,1.7021136880075058,2
4,0.6007984563844184,2.0754463163336525,2
3,0.38480596042566484,2.480493346455538,2
6,0.46497422148847734,2.973886741918538,0
4,3.2455049777633698,5.001229434454121,1
5,3.24916927882742,1.8908188833044035,7
7,5.650127850547079,1.9072077143012887,1
4,4.180880193201582,3.739580711741079,3
3,1.7918187889082604,3.7458362041805167,1
1,2.8468707391544887,2.2176423108980488,3
5,3.496994738079441,1.0002404307016808,5
8,2.1568505204374686,6.514358878806784,1
5,1.9367932685218416,4.663702605212915,1
5,3.107736065866029,3.44139619045431,3
3,2.4457718992468775,5.819222599061567,3
3,3.0979874927934907,0.6817504408638473,3
6,2.846866185805812,0.5351914140485213,1
5,3.810301074067505,3.2569571511521382,2
7,3.0884077591452272,5.3132314837380665,4
6,2.200298497045964,3.1828048097663726,3
8,3.435195426070961,0.6726722620124919,4
8,1.7906866876998364,5.318146855021451,4
8,0.8299147456644946,1.9011853259401867,2
9,0.004257680279841056,6.945976135498664,1
5,2.4626972148900124,14.108011042582278,2
3,2.6795925339276154,0.7182105531321398,2
4,10.731903124892863,1.369961192238238,1
5,1.3457990147346894,2.679479766709745,2
6,1.5032855692270144,3.549525327313766,9
7,0.6761866855957455,6.432024875190028,2
4,0.21943610681217912,3.135185865753686,3
6,4.4458331017509,1.306449439461109,2
13,0.8617707458889825,4.37844235606975,1
3,2.816413279262983,1.3866670781172816,1
7,3.4920747163846384,2.0262979872128013,1
7,1.9116431137187724,6.911043021114837,2
2,6.270952121811131,1.8608508042628973,2
5,1.759854185245064,1.4242092444330543,1
2,1.006034833536777,2.131830945271105,4
4,6.790540950682209,4.829336954139073,0
3,5.932047621939029,0.49639583558292005,1
3,0.53752335187,4.352241398969087,4
1,0.07891186174970798,3.0746099982886776,2
7,0.28288442236178546,1.8820089355136647,2
4,1.0129178259641525,3.101314436793981,2
9,10.754618151307891,2.8083347801169136,4
4,2.4528415398245373,2.6216966892982168,3
6,1.4016787828590855,2.99850504403496,4
3,6.587011910526302,2.8914139383915667,3
8,1.8106672275082707,1.623742306087188,1
6,1.1360545921244882,2.23687957841832,1
5,8.501836802300728,4.19938863509774,4
3,5.68172875506967,0.9044116932135212,1
11,5.567327188356073,3.499586871912311,0
7,2.154070599847314,1.0564995785017088,0
6,4.673931079392644,3.3433251010980825,4
6,0.5929879896956236,0.8511485682333982,1
6,2.55448065289306,1.7518109830776452,1
6,12.376748417743828,3.782121988709344,2
5,1.0315233690702565,2.703015402189785,3
8,4.744772731923183,3.0675986619040114,3
6,2.0228491405808953,1.455921495480524,2
8,0.12185880507821874,5.576955740757885,3
13,4.319330965560516,2.757195889952694,0
4,0.5538214200630929,2.481733263878507,1
1,2.9947285168267523,3.1706110812854975,2
4,0.26867211728807494,0.43806821393208834,2
2,8.804893668053783,2.783532212494478,2
7,1.0347638143693472,3.2495111849272518,3
4,0.7703518876048056,1.701099774902503,4
5,0.4148097620088201,6.044376567290962,1
8,8.756435551897635,0.8227363065679169,2
6,3.7333818811603434,5.569229622488639,1
5,4.060446516883381,7.458477656852098,5
2,2.0758710355568213,4.52202145339592,1
6,1.931515939562082,1.8086771342906247,2
5,0.34967305521167535,3.5812297957566983,0
6,2.461858412602427,1.4353621606932663,2
3,0.8507374831827409,10.345028427333103,0
6,11.335799786061997,2.6288355832381143,3
6,4.777461278553146,1.4829998137844356,3
4,1.5981507995059938,0.24651720485266765,1
7,0.49229438152832034,3.0412621540942477,4
4,4.615983574801636,6.575329461506357,3
0,0.3905097760673062,4.403389038967879,1
9,0.6296965285752213,6.029770954868768,1
1,0.7129466824594424,11.308615978491162,2
6,2.4418160196082743,3.1360478078961713,3
4,4.640187389482222,2.6553216609728225,4
5,1.1320102905583989,12.63093005056595,4
6,0.26541126025479606,3.6182834609781085,6
8,1.8738786569516341,0.9622700795345448,3
4,4.136291256320361,1.8052086437237633,1
5,0.751790309486539,12.237511041173702,1
10,0.7450938920820251,4.073350324386791,3
5,8.825268302677527,6.646094278280356,2
7,9.247384118963772,1.3024816714910172,3
6,13.95858845739188,6.624083207859193,1
4,4.945465704710427,2.471168427646101,3
3,0.6254453215971385,6.812315073826588,1
5,0.7147012159105922,9.756247089319043,1
4,1.2475703317295104,1.7455517255003787,4
4,1.1487599024734967,5.340906833706998,2
5,9.406897362833515,3.7949851676971553,0
2,4.6687435102863635,2.2176168938725898,0
7,3.8621588082905793,1.8911895561380796,3
3,0.6172492041311572,3.6179726626819226,0
5,7.20806367617562,1.5379390216033113,1
6,5.2785224353980125,2.9396064724137005,1
8,0.5360950145359358,5.624812899482439,4
5,6.1477924497557845,0.8953311956935521,4
3,0.9533829332793458,1.3858620102489263,4
3,0.2529822959794592,1.7484519279369892,1
5,3.2085207274542453,4.476904277998059,2
7,3.1822562849391955,6.1438513172335885,2
5,0.2992356316570227,3.5412067554648563,0
5,1.1519261654495296,5.399914753605683,2
10,14.80705475879633,4.221255423174029,3
2,3.403588994755947,10.418201227906575,1
6,3.928835260709823,1.2081853352955287,3
7,0.7182658056103864,1.1624613430030843,0
4,0.246175945715543,0.23590876962084895,1
11,0.9726302718154418,0.8775131032648331,2
5,0.8586429911098731,1.75540044492271,1
4,0.8018510277802985,3.39288686823842,3
1,0.6423816695931364,3.402744624345497,1
11,2.5652742891042513,4.487820567298994,5
3,1.1929527966686742,3.143577265433068,1
2,5.150151053017464,3.315034483888156,0
7,0.6098294615448239,4.484790205166739,0
5,1.8743751333754333,9.452927982706479,3
1,0.04125588809227373,7.570280229452599,0
6,1.9715008427600496,1.0112905349166355,5
4,0.17237325398904796,11.676196099939604,0
9,11.412670502377491,12.682746335148039,0
4,4.690414173705171,1.0111229358382763,1
9,2.020689476388968,2.612284940817153,2
5,0.2717026137833805,3.8754035071453927,4
2,2.69274140289745,4.986406656780514,1
8,4.265935614346391,1.371588472430839,3
2,0.6348207634107421,0.7274073949164325,3
7,2.5194362322275543,7.321705643376877,1
9,5.049429332551725,5.524155266154152,0
3,4.386259455413978,3.227308196919073,1
3,4.873533097872451,2.6865786783830887,3
6,6.343923734569005,6.055219731368785,0
7,8.326519829062162,1.1580270339961332,0
2,1.5602104450548977,4.299546824104092,1
9,2.523334821968622,5.605537569866635,3
5,4.691379871550224,3.1260745818264297,2
5,3.5834520363889517,1.3598957470153605,1
3,16.22454955717081,1.4647821219883808,0
6,0.041316155852269124,2.342198248063014,0
6,1.3161345566731524,3.1438483552478216,2
4,0.9897982873405062,1.4571805930150488,2
6,0.912718581737678,5.971110243298086,1
8,0.7551298233816773,3.9953070052328252,1
4,3.7045730166088813,0.8063150377880876,0
6,0.2657051325411635,4.169952745211734,2
4,4.059842084235914,6.775901875815109,1
9,3.546886805592093,4.996096695088254,0
5,0.8662644729366655,9.447177491209148,1
7,0.8744028183153484,0.6259467890094731,3
2,2.9735325186600607,1.9543416147322394,3
4,4.30861138340666,4.593907375952387,4
4,6.274192909437602,2.2564381951913934,0
7,5.734459347414121,3.076207271129581,1
3,10.047209307253961,9.820490399448403,2
4,2.6124101575725946,7.552043427418957,3
3,7.179353632469512,4.939252415539263,4
3,4.95881035448531,3.58209452856578,3
2,6.751903337080199,5.025677216382494,2
10,0.03508415613483385,5.676390227078235,6
3,10.135636909626573,2.2882764131003004,2
2,1.9246837152187157,6.279681241870907,3
6,4.801181643392097,4.498281810876769,1
4,0.40816069246694253,4.438941050774813,1
6,1.512250686946891,3.2646066561402383,3
2,0.9501409727365691,4.960543231333109,1
4,1.0344880164773216,6.786894371487861,2
9,0.3946193998903176,1.4891969437329708,2
10,4.916041506817629,11.270448577178927,2
5,0.02785586930672822,7.182616459171757,5
2,1.1241041607178022,1.2954181184382183,1
3,0.5749729641153012,6.229435049051019,0
7,2.6677704449408504,2.8487365091088304,2
6,0.8801042320052066,1.1215064993239894,2
4,0.8992577040934189,1.9890329848152293,1
2,2.0102739288551885,2.1099603489487593,6
7,3.172604280303979,5.2509220816903515,3
6,0.3879512715023291,3.23719215245388,2
7,0.5789760818208356,4.463998830017147,3
7,0.8517664279438082,5.971341704995868,1
3,10.920063775971544,4.938726153068528,2
3,1.5182730489038954,6.047758017305766,3
4,2.74130742101271,1.8383322609285329,3
5,0.8294067771302173,2.6349980404118596,3
2,2.022737967466826,1.5668122799490607,0
4,0.23102925197775775,2.76713067510245,2
7,0.10608002111486711,1.6430941051575614,3
5,1.8974746526645523,2.115108764704841,1
6,1.5257807873763751,1.8749121897283847,2
4,0.44160575439018146,3.702056686829862,1
9,3.4904263051112947,8.501808887839161,2
2,14.844456875399583,0.5875279099529495,2
6,1.510789556457278,2.4444992773749403,3
4,2.938958922636064,5.537026360524887,1
3,9.888562113795707,2.165047068957617,1
6,5.343081307035121,6.820577613921636,0
7,1.8683581871437211,1.549229618870245,2
8,4.012392415657499,2.4951388031029715,2
9,0.4113621892147157,2.32153632702548,0
5,2.1529581430543048,1.9172863183935873,0
4,0.9815992421500763,2.7121825600578675,0
3,0.5272190710581225,6.905395321033788,3
7,1.6668461585057024,3.7016517697464035,5
4,0.42128670702652327,9.712904789304881,2
8,3.601786622861142,1.3740837095403167,4
8,1.8277421608796884,7.99775354513174,2
1,2.2723828292867188,0.3293274086532288,1
5,0.47479317398215837,5.586344393324389,1
4,0.45167224385945604,10.527933834954604,2
3,2.626997404182121,10.08051226192318,1
2,12.601065433271472,1.934418074489334,1
8,0.3036094525869528,6.157710663077544,2
8,1.0094887107039334,7.507664139270798,3
3,6.10820645414327,5.360272159703609,2
4,0.22505011745210882,2.2451111665217853,2
12,6.259657607735839,1.701089768515219,1
3,2.228815232147253,2.8908946821144554,2
3,1.574098131886665,5.949363017088962,0
4,1.1118025149118183,2.4372060096775687,2
3,1.0576951667408423,2.93063267729768,6
4,1.0949966867942185,2.984800524114473,0
6,6.483336826572387,5.005642089973444,1
4,3.859838306084245,3.345964182505623,2
3,3.32347081916145,1.9627280032819194,2
8,4.809609401647415,1.9080085391642754,1
2,0.8916407116196602,8.271883473370696,6
3,2.88734025050615,6.172665477436671,0
7,1.848926435054092,4.978849659623314,1
3,4.575864361632084,3.7519408428933954,1
7,1.1099584840822512,0.5726628571766111,3
5,3.0915598493239616,7.594405146339999,1
2,6.416617130371257,1.9867986240949873,4
9,1.5432485673877474,2.1399662816479106,1
4,0.20683532727819007,5.694481363327313,2
3,2.1773261478519426,7.605397338179166,1
1,1.273817582509197,3.3990251788969634,0
2,3.3462871277956974,4.481667297764653,3
6,9.049821421095363,0.6863093142600761,1
10,1.994310829436485,3.6528731888589103,3
6,1.8831472192063958,2.842953573914439,2
6,3.1890243235309823,4.643855807578182,3
2,0.327762603980542,3.9899568717785883,2
4,0.877103857880088,1.418386102081835,2
5,7.5391527484267575,6.189655777490197,0
8,3.3254662222277807,5.131592068864188,2
5,0.04060570010321035,2.6008764329213543,4
3,0.6868265146889012,0.933072889000088,2
1,3.4450208413543484,9.831420598278944,1
7,4.336849327504487,3.392852946562964,3
7,5.495112533666601,4.631772796051986,3
4,1.0366828162957331,1.886511478282199,2
4,8.02218989728089,5.284369942099853,2
4,2.4152336553361184,3.712309840042478,2
9,3.577506754015314,4.128122218955233,3
1,2.724512831128492,1.3242056356585492,2
3,0.3928557829471294,3.8244163379337013,1
4,9.899823240517732,1.2886745702237143,1
3,0.3933192796214233,5.0375838709523935,2
3,0.8826378761516289,5.186907640307601,3
